Rxn,Method,Equation,Geweke Fails,Rhat,ESS-Bulk,ESS-Tail,Rhat Fails,ESS-Bulk Fails
PYK,ScaledConsensus,9.9,1,1.0152197778398746,1371.8864587454016,2934.521212040616,True,False
MDHm,Derived,9.9,0,1.012372776939391,2532.3117344530106,1677.9143148064145,True,False
CSm,ScaledConsensus,9.9,1,1.0154582248134596,1318.0864471509153,2875.8525371332144,True,False
AKGMALtm,Derived,9.9,0,1.0124117779042772,2605.6899832491235,1887.0898511373898,True,False
NADH2_u6cm,Derived,9.9,0,1.0119643003776453,2973.198876823432,1921.3431740423537,True,False
NADH2_u6mh,Derived,9.9,0,1.0114709476796422,3628.8697079800045,2092.254848461505,True,False
CYOR_u6m,Derived,9.9,0,1.0125194243529176,3466.8637651839317,934.9240736798369,True,False
CYOOm,Derived,9.9,0,1.0125192643200625,3466.8537938451227,934.9240736798369,True,False
