Fit,Cultivation,mS opt (mg/g.h),mS SD (mg/g.h),kd opt (10^-3 1/h),kd opt SD (10^-3 1/h),SSE,R2,R2_d,Mu end (h^-1),Doubling time (d),qP at 0 (mg/gh)
Dynamic,C023,3.6374491357153147,7.411173280892358e-06,,,342.1549679349446,0.9991622423903246,0.9774450896363707,0.0005295291053473178,54.54116163149887,0.03341921790749196
Dynamic,C024,3.7641243605111634,9.875508534935647e-06,,,821.8718367989611,0.9970302670780941,0.9224613432286745,0.0005086691305423665,56.77783610052503,0.0363132853251246
Dynamic,C030,3.546487207879271,8.296764732957885e-06,,,944.117173174011,0.9980918804271911,0.9988193867262417,0.0005030123457090126,57.41634926002092,0.021331277241118097
Gompertz,C023,3.6399123288641695,0.03407112742849721,0.06423540453311855,0.021327440377710612,667.8460090854467,0.9976520010996448,0.6457190353175281,0.0004468848260161056,64.62768669234293,0.010002257866956327
Gompertz,C024,3.7790114782673676,0.0016461054980560373,0.06496470657602268,0.0010178403655329014,1425.0642663155777,0.9935666329744557,0.4259943455437394,0.0004299108176340472,67.17935752878758,0.009418708166394498
Gompertz,C030,3.557796110787568,0.30557108998416405,0.14535009963291498,0.0959587351322986,1203.688287243047,0.9971474213417446,0.9922352059536182,0.0005174030566095536,55.819408398133106,0.008586886600767337
