,mS opt (mg/g.h),mS SD (mg/g.h),SSE,Rsq,Rsq_d,Mu end (h^-1),Doubling time (d),qP at 0 (mg/gh)
C023,3.6375445842718026,7.593494168567839e-06,359.1760214052946,0.9997534334406732,0.9797253237135451,0.0005294737769139938,54.546861020507954,0.03345890788575565
C024,3.7646211324740455,1.0055346289255137e-05,852.2513308551702,0.99943757061778,0.9009452823656343,0.0005085971713014486,56.78586935398631,0.03635910380328401
C030,3.5468953467773963,8.379747273700344e-06,963.2370801814594,0.9994809616233058,0.9988234916864014,0.0005024348255817161,57.48234607322979,0.021341235297874968
